{
  "annotations": {
    "list": [
      {
        "$$hashKey": "object:222",
        "builtIn": 1,
        "datasource": "-- Grafana --",
        "enable": true,
        "hide": true,
        "iconColor": "rgba(0, 211, 255, 1)",
        "name": "Annotations & Alerts",
        "type": "dashboard"
      }
    ]
  },
  "editable": true,
  "gnetId": null,
  "graphTooltip": 0,
  "id": 1,
  "iteration": 1589621863637,
  "links": [],
  "panels": [
    {
      "aliasColors": {},
      "bars": false,
      "dashLength": 10,
      "dashes": false,
      "datasource": null,
      "fill": 1,
      "fillGradient": 0,
      "gridPos": {
        "h": 8,
        "w": 24,
        "x": 0,
        "y": 0
      },
      "hiddenSeries": false,
      "id": 18,
      "legend": {
        "avg": false,
        "current": false,
        "max": false,
        "min": false,
        "show": true,
        "total": false,
        "values": false
      },
      "lines": true,
      "linewidth": 1,
      "maxPerRow": 3,
      "nullPointMode": "null",
      "options": {
        "dataLinks": []
      },
      "percentage": false,
      "pointradius": 2,
      "points": false,
      "renderer": "flot",
      "repeat": "Environment",
      "repeatDirection": "h",
      "scopedVars": {
        "Environment": {
          "$$hashKey": "object:904",
          "selected": true,
          "text": "All",
          "value": "$__all"
        }
      },
      "seriesOverrides": [],
      "spaceLength": 10,
      "stack": false,
      "steppedLine": false,
      "targets": [
        {
          "alias": "$col",
          "groupBy": [
            {
              "params": [
                "$__interval"
              ],
              "type": "time"
            },
            {
              "params": [
                "null"
              ],
              "type": "fill"
            }
          ],
          "measurement": "Blue_env_sensor",
          "orderByTime": "ASC",
          "policy": "default",
          "query": "SELECT mean(/^$Environment$/) FROM \"Blue_env_sensor\" WHERE (\"IoTHubDeviceConnectionID\" =~ /^$Device$/) AND $timeFilter GROUP BY time($__interval) fill(none)",
          "rawQuery": true,
          "refId": "A",
          "resultFormat": "time_series",
          "select": [
            [
              {
                "params": [
                  "/^$Environment$/"
                ],
                "type": "field"
              },
              {
                "params": [],
                "type": "mean"
              }
            ]
          ],
          "tags": [
            {
              "key": "IoTHubDeviceConnectionID",
              "operator": "=~",
              "value": "/^$Device$/"
            }
          ]
        }
      ],
      "thresholds": [],
      "timeFrom": null,
      "timeRegions": [],
      "timeShift": null,
      "title": "$Environment",
      "tooltip": {
        "shared": true,
        "sort": 0,
        "value_type": "individual"
      },
      "type": "graph",
      "xaxis": {
        "buckets": null,
        "mode": "time",
        "name": null,
        "show": true,
        "values": []
      },
      "yaxes": [
        {
          "$$hashKey": "object:1020",
          "format": "short",
          "label": null,
          "logBase": 1,
          "max": null,
          "min": null,
          "show": true
        },
        {
          "$$hashKey": "object:1021",
          "format": "short",
          "label": null,
          "logBase": 1,
          "max": null,
          "min": null,
          "show": true
        }
      ],
      "yaxis": {
        "align": false,
        "alignLevel": null
      }
    },
    {
      "cacheTimeout": null,
      "datasource": null,
      "gridPos": {
        "h": 4,
        "w": 8,
        "x": 0,
        "y": 8
      },
      "id": 14,
      "links": [],
      "options": {
        "fieldOptions": {
          "calcs": [
            "lastNotNull"
          ],
          "defaults": {
            "mappings": [
              {
                "$$hashKey": "object:2822",
                "id": 0,
                "op": "=",
                "text": "N/A",
                "type": 1,
                "value": "null"
              }
            ],
            "max": 90,
            "min": -20,
            "nullValueMode": "connected",
            "thresholds": {
              "mode": "absolute",
              "steps": [
                {
                  "color": "#299c46",
                  "value": null
                },
                {
                  "color": "rgba(237, 129, 40, 0.89)",
                  "value": 40
                },
                {
                  "color": "#d44a3a",
                  "value": 80
                }
              ]
            },
            "title": "Temperature",
            "unit": "celsius"
          },
          "overrides": [],
          "values": false
        },
        "orientation": "horizontal",
        "showThresholdLabels": false,
        "showThresholdMarkers": true
      },
      "pluginVersion": "6.7.2",
      "targets": [
        {
          "alias": "Temperature",
          "groupBy": [
            {
              "params": [
                "$__interval"
              ],
              "type": "time"
            },
            {
              "params": [
                "null"
              ],
              "type": "fill"
            }
          ],
          "measurement": "Blue_env_sensor",
          "orderByTime": "ASC",
          "policy": "default",
          "refId": "A",
          "resultFormat": "time_series",
          "select": [
            [
              {
                "params": [
                  "temperature"
                ],
                "type": "field"
              },
              {
                "params": [],
                "type": "mean"
              }
            ]
          ],
          "tags": [
            {
              "key": "IoTHubDeviceConnectionID",
              "operator": "=~",
              "value": "/^$Device$/"
            }
          ]
        }
      ],
      "timeFrom": null,
      "timeShift": null,
      "title": "",
      "type": "gauge"
    },
    {
      "cacheTimeout": null,
      "datasource": null,
      "gridPos": {
        "h": 4,
        "w": 8,
        "x": 8,
        "y": 8
      },
      "id": 15,
      "links": [],
      "options": {
        "fieldOptions": {
          "calcs": [
            "lastNotNull"
          ],
          "defaults": {
            "decimals": 3,
            "mappings": [
              {
                "$$hashKey": "object:2822",
                "id": 0,
                "op": "=",
                "text": "N/A",
                "type": 1,
                "value": "null"
              }
            ],
            "max": 1400,
            "min": 800,
            "nullValueMode": "connected",
            "thresholds": {
              "mode": "absolute",
              "steps": [
                {
                  "color": "#299c46",
                  "value": null
                },
                {
                  "color": "rgba(237, 129, 40, 0.89)",
                  "value": 1100
                },
                {
                  "color": "#d44a3a",
                  "value": 1300
                }
              ]
            },
            "title": "Pressure",
            "unit": "pressurembar"
          },
          "overrides": [],
          "values": false
        },
        "orientation": "horizontal",
        "showThresholdLabels": false,
        "showThresholdMarkers": true
      },
      "pluginVersion": "6.7.2",
      "targets": [
        {
          "alias": "",
          "groupBy": [
            {
              "params": [
                "$__interval"
              ],
              "type": "time"
            },
            {
              "params": [
                "null"
              ],
              "type": "fill"
            }
          ],
          "measurement": "Blue_env_sensor",
          "orderByTime": "ASC",
          "policy": "default",
          "refId": "A",
          "resultFormat": "time_series",
          "select": [
            [
              {
                "params": [
                  "pressure"
                ],
                "type": "field"
              },
              {
                "params": [],
                "type": "last"
              }
            ]
          ],
          "tags": [
            {
              "key": "IoTHubDeviceConnectionID",
              "operator": "=~",
              "value": "/^$Device$/"
            }
          ]
        }
      ],
      "timeFrom": null,
      "timeShift": null,
      "title": "",
      "type": "gauge"
    },
    {
      "cacheTimeout": null,
      "datasource": null,
      "gridPos": {
        "h": 4,
        "w": 8,
        "x": 16,
        "y": 8
      },
      "id": 16,
      "links": [],
      "options": {
        "fieldOptions": {
          "calcs": [
            "lastNotNull"
          ],
          "defaults": {
            "mappings": [
              {
                "$$hashKey": "object:2822",
                "id": 0,
                "op": "=",
                "text": "N/A",
                "type": 1,
                "value": "null"
              }
            ],
            "max": 90,
            "min": 10,
            "nullValueMode": "connected",
            "thresholds": {
              "mode": "absolute",
              "steps": [
                {
                  "color": "#299c46",
                  "value": null
                },
                {
                  "color": "rgba(237, 129, 40, 0.89)",
                  "value": 60
                },
                {
                  "color": "#d44a3a",
                  "value": 70
                }
              ]
            },
            "title": "Humidity",
            "unit": "humidity"
          },
          "overrides": [],
          "values": false
        },
        "orientation": "horizontal",
        "showThresholdLabels": false,
        "showThresholdMarkers": true
      },
      "pluginVersion": "6.7.2",
      "targets": [
        {
          "alias": "Humidity",
          "groupBy": [
            {
              "params": [
                "$__interval"
              ],
              "type": "time"
            },
            {
              "params": [
                "null"
              ],
              "type": "fill"
            }
          ],
          "measurement": "Blue_env_sensor",
          "orderByTime": "ASC",
          "policy": "default",
          "refId": "A",
          "resultFormat": "time_series",
          "select": [
            [
              {
                "params": [
                  "humidity"
                ],
                "type": "field"
              },
              {
                "params": [],
                "type": "mean"
              }
            ]
          ],
          "tags": [
            {
              "key": "IoTHubDeviceConnectionID",
              "operator": "=~",
              "value": "/^$Device$/"
            }
          ]
        }
      ],
      "timeFrom": null,
      "timeShift": null,
      "title": "Temperature",
      "type": "gauge"
    },
    {
      "collapsed": true,
      "datasource": null,
      "gridPos": {
        "h": 1,
        "w": 24,
        "x": 0,
        "y": 12
      },
      "id": 12,
      "panels": [
        {
          "aliasColors": {},
          "bars": false,
          "dashLength": 10,
          "dashes": false,
          "datasource": null,
          "fill": 1,
          "fillGradient": 0,
          "gridPos": {
            "h": 6,
            "w": 8,
            "x": 0,
            "y": 5
          },
          "hiddenSeries": false,
          "id": 9,
          "legend": {
            "avg": false,
            "current": false,
            "max": false,
            "min": false,
            "show": true,
            "total": false,
            "values": false
          },
          "lines": true,
          "linewidth": 1,
          "nullPointMode": "null",
          "options": {
            "dataLinks": []
          },
          "percentage": false,
          "pointradius": 2,
          "points": false,
          "renderer": "flot",
          "seriesOverrides": [
            {
              "alias": "Blue_imu_sensor.mean",
              "yaxis": 1
            }
          ],
          "spaceLength": 10,
          "stack": true,
          "steppedLine": false,
          "targets": [
            {
              "alias": "$col",
              "groupBy": [
                {
                  "params": [
                    "$__interval"
                  ],
                  "type": "time"
                },
                {
                  "params": [
                    "null"
                  ],
                  "type": "fill"
                }
              ],
              "hide": false,
              "measurement": "Blue_imu_sensor",
              "orderByTime": "ASC",
              "policy": "default",
              "refId": "A",
              "resultFormat": "time_series",
              "select": [
                [
                  {
                    "params": [
                      "gyro_x"
                    ],
                    "type": "field"
                  },
                  {
                    "params": [],
                    "type": "mean"
                  },
                  {
                    "params": [
                      "x"
                    ],
                    "type": "alias"
                  }
                ]
              ],
              "tags": [
                {
                  "key": "IoTHubDeviceConnectionID",
                  "operator": "=~",
                  "value": "/^$Device$/"
                }
              ]
            },
            {
              "alias": "$col",
              "groupBy": [
                {
                  "params": [
                    "$__interval"
                  ],
                  "type": "time"
                },
                {
                  "params": [
                    "null"
                  ],
                  "type": "fill"
                }
              ],
              "hide": false,
              "measurement": "Blue_imu_sensor",
              "orderByTime": "ASC",
              "policy": "default",
              "refId": "B",
              "resultFormat": "time_series",
              "select": [
                [
                  {
                    "params": [
                      "gyro_y"
                    ],
                    "type": "field"
                  },
                  {
                    "params": [],
                    "type": "mean"
                  },
                  {
                    "params": [
                      "y"
                    ],
                    "type": "alias"
                  }
                ]
              ],
              "tags": [
                {
                  "key": "IoTHubDeviceConnectionID",
                  "operator": "=~",
                  "value": "/^$Device$/"
                }
              ]
            },
            {
              "alias": "$col",
              "groupBy": [
                {
                  "params": [
                    "$__interval"
                  ],
                  "type": "time"
                },
                {
                  "params": [
                    "null"
                  ],
                  "type": "fill"
                }
              ],
              "hide": false,
              "measurement": "Blue_imu_sensor",
              "orderByTime": "ASC",
              "policy": "default",
              "refId": "C",
              "resultFormat": "time_series",
              "select": [
                [
                  {
                    "params": [
                      "gyro_z"
                    ],
                    "type": "field"
                  },
                  {
                    "params": [],
                    "type": "mean"
                  },
                  {
                    "params": [
                      "z"
                    ],
                    "type": "alias"
                  }
                ]
              ],
              "tags": [
                {
                  "key": "IoTHubDeviceConnectionID",
                  "operator": "=~",
                  "value": "/^$Device$/"
                }
              ]
            }
          ],
          "thresholds": [],
          "timeFrom": null,
          "timeRegions": [],
          "timeShift": null,
          "title": "Gyro",
          "tooltip": {
            "shared": true,
            "sort": 0,
            "value_type": "individual"
          },
          "type": "graph",
          "xaxis": {
            "buckets": null,
            "mode": "time",
            "name": null,
            "show": true,
            "values": []
          },
          "yaxes": [
            {
              "$$hashKey": "object:1066",
              "format": "rad / s",
              "label": null,
              "logBase": 1,
              "max": null,
              "min": null,
              "show": true
            },
            {
              "$$hashKey": "object:1067",
              "format": "short",
              "label": null,
              "logBase": 1,
              "max": null,
              "min": null,
              "show": true
            }
          ],
          "yaxis": {
            "align": false,
            "alignLevel": null
          }
        },
        {
          "aliasColors": {},
          "bars": false,
          "dashLength": 10,
          "dashes": false,
          "datasource": null,
          "fill": 1,
          "fillGradient": 0,
          "gridPos": {
            "h": 6,
            "w": 8,
            "x": 8,
            "y": 5
          },
          "hiddenSeries": false,
          "id": 10,
          "legend": {
            "avg": false,
            "current": false,
            "max": false,
            "min": false,
            "show": true,
            "total": false,
            "values": false
          },
          "lines": true,
          "linewidth": 1,
          "nullPointMode": "null",
          "options": {
            "dataLinks": []
          },
          "percentage": false,
          "pointradius": 2,
          "points": false,
          "renderer": "flot",
          "seriesOverrides": [],
          "spaceLength": 10,
          "stack": false,
          "steppedLine": false,
          "targets": [
            {
              "groupBy": [
                {
                  "params": [
                    "$__interval"
                  ],
                  "type": "time"
                },
                {
                  "params": [
                    "null"
                  ],
                  "type": "fill"
                }
              ],
              "hide": false,
              "measurement": "Blue_imu_sensor",
              "orderByTime": "ASC",
              "policy": "default",
              "refId": "A",
              "resultFormat": "time_series",
              "select": [
                [
                  {
                    "params": [
                      "acc_x"
                    ],
                    "type": "field"
                  },
                  {
                    "params": [],
                    "type": "mean"
                  }
                ]
              ],
              "tags": [
                {
                  "key": "IoTHubDeviceConnectionID",
                  "operator": "=~",
                  "value": "/^$Device$/"
                }
              ]
            },
            {
              "groupBy": [
                {
                  "params": [
                    "$__interval"
                  ],
                  "type": "time"
                },
                {
                  "params": [
                    "null"
                  ],
                  "type": "fill"
                }
              ],
              "hide": false,
              "measurement": "Blue_imu_sensor",
              "orderByTime": "ASC",
              "policy": "default",
              "refId": "B",
              "resultFormat": "time_series",
              "select": [
                [
                  {
                    "params": [
                      "acc_y"
                    ],
                    "type": "field"
                  },
                  {
                    "params": [],
                    "type": "mean"
                  }
                ]
              ],
              "tags": [
                {
                  "key": "IoTHubDeviceConnectionID",
                  "operator": "=~",
                  "value": "/^$Device$/"
                }
              ]
            },
            {
              "groupBy": [
                {
                  "params": [
                    "$__interval"
                  ],
                  "type": "time"
                },
                {
                  "params": [
                    "null"
                  ],
                  "type": "fill"
                }
              ],
              "hide": false,
              "measurement": "Blue_imu_sensor",
              "orderByTime": "ASC",
              "policy": "default",
              "refId": "C",
              "resultFormat": "time_series",
              "select": [
                [
                  {
                    "params": [
                      "acc_z"
                    ],
                    "type": "field"
                  },
                  {
                    "params": [],
                    "type": "mean"
                  }
                ]
              ],
              "tags": [
                {
                  "key": "IoTHubDeviceConnectionID",
                  "operator": "=~",
                  "value": "/^$Device$/"
                }
              ]
            }
          ],
          "thresholds": [],
          "timeFrom": null,
          "timeRegions": [],
          "timeShift": null,
          "title": "Accellerometer",
          "tooltip": {
            "shared": true,
            "sort": 0,
            "value_type": "individual"
          },
          "type": "graph",
          "xaxis": {
            "buckets": null,
            "mode": "time",
            "name": null,
            "show": true,
            "values": []
          },
          "yaxes": [
            {
              "$$hashKey": "object:1066",
              "format": "accG",
              "label": null,
              "logBase": 1,
              "max": null,
              "min": null,
              "show": true
            },
            {
              "$$hashKey": "object:1067",
              "format": "short",
              "label": null,
              "logBase": 1,
              "max": null,
              "min": null,
              "show": true
            }
          ],
          "yaxis": {
            "align": false,
            "alignLevel": null
          }
        },
        {
          "aliasColors": {},
          "bars": false,
          "dashLength": 10,
          "dashes": false,
          "datasource": null,
          "fill": 1,
          "fillGradient": 0,
          "gridPos": {
            "h": 6,
            "w": 8,
            "x": 16,
            "y": 5
          },
          "hiddenSeries": false,
          "id": 8,
          "legend": {
            "avg": false,
            "current": false,
            "max": false,
            "min": false,
            "show": true,
            "total": false,
            "values": false
          },
          "lines": true,
          "linewidth": 1,
          "nullPointMode": "null",
          "options": {
            "dataLinks": []
          },
          "percentage": false,
          "pointradius": 2,
          "points": false,
          "renderer": "flot",
          "seriesOverrides": [],
          "spaceLength": 10,
          "stack": false,
          "steppedLine": false,
          "targets": [
            {
              "groupBy": [
                {
                  "params": [
                    "$__interval"
                  ],
                  "type": "time"
                },
                {
                  "params": [
                    "null"
                  ],
                  "type": "fill"
                }
              ],
              "hide": false,
              "measurement": "Blue_imu_sensor",
              "orderByTime": "ASC",
              "policy": "default",
              "refId": "A",
              "resultFormat": "time_series",
              "select": [
                [
                  {
                    "params": [
                      "orientation_pitch"
                    ],
                    "type": "field"
                  },
                  {
                    "params": [],
                    "type": "mean"
                  }
                ]
              ],
              "tags": [
                {
                  "key": "IoTHubDeviceConnectionID",
                  "operator": "=~",
                  "value": "/^$Device$/"
                }
              ]
            },
            {
              "groupBy": [
                {
                  "params": [
                    "$__interval"
                  ],
                  "type": "time"
                },
                {
                  "params": [
                    "null"
                  ],
                  "type": "fill"
                }
              ],
              "hide": false,
              "measurement": "Blue_imu_sensor",
              "orderByTime": "ASC",
              "policy": "default",
              "refId": "B",
              "resultFormat": "time_series",
              "select": [
                [
                  {
                    "params": [
                      "orientation_roll"
                    ],
                    "type": "field"
                  },
                  {
                    "params": [],
                    "type": "mean"
                  }
                ]
              ],
              "tags": [
                {
                  "key": "IoTHubDeviceConnectionID",
                  "operator": "=~",
                  "value": "/^$Device$/"
                }
              ]
            },
            {
              "groupBy": [
                {
                  "params": [
                    "$__interval"
                  ],
                  "type": "time"
                },
                {
                  "params": [
                    "null"
                  ],
                  "type": "fill"
                }
              ],
              "hide": false,
              "measurement": "Blue_imu_sensor",
              "orderByTime": "ASC",
              "policy": "default",
              "refId": "C",
              "resultFormat": "time_series",
              "select": [
                [
                  {
                    "params": [
                      "orientation_yaw"
                    ],
                    "type": "field"
                  },
                  {
                    "params": [],
                    "type": "mean"
                  }
                ]
              ],
              "tags": [
                {
                  "key": "IoTHubDeviceConnectionID",
                  "operator": "=~",
                  "value": "/^$Device$/"
                }
              ]
            }
          ],
          "thresholds": [],
          "timeFrom": null,
          "timeRegions": [],
          "timeShift": null,
          "title": "Orientation",
          "tooltip": {
            "shared": true,
            "sort": 0,
            "value_type": "individual"
          },
          "type": "graph",
          "xaxis": {
            "buckets": null,
            "mode": "time",
            "name": null,
            "show": true,
            "values": []
          },
          "yaxes": [
            {
              "$$hashKey": "object:1066",
              "format": "short",
              "label": null,
              "logBase": 1,
              "max": null,
              "min": null,
              "show": true
            },
            {
              "$$hashKey": "object:1067",
              "format": "short",
              "label": null,
              "logBase": 1,
              "max": null,
              "min": null,
              "show": true
            }
          ],
          "yaxis": {
            "align": false,
            "alignLevel": null
          }
        }
      ],
      "title": "IMU",
      "type": "row"
    },
    {
      "collapsed": true,
      "datasource": null,
      "gridPos": {
        "h": 1,
        "w": 24,
        "x": 0,
        "y": 13
      },
      "id": 6,
      "panels": [
        {
          "aliasColors": {},
          "bars": false,
          "dashLength": 10,
          "dashes": false,
          "datasource": null,
          "fill": 1,
          "fillGradient": 0,
          "gridPos": {
            "h": 6,
            "w": 8,
            "x": 0,
            "y": 6
          },
          "hiddenSeries": false,
          "id": 3,
          "legend": {
            "avg": false,
            "current": false,
            "max": false,
            "min": false,
            "show": true,
            "total": false,
            "values": false
          },
          "lines": true,
          "linewidth": 1,
          "nullPointMode": "connected",
          "options": {
            "dataLinks": []
          },
          "percentage": false,
          "pointradius": 2,
          "points": false,
          "renderer": "flot",
          "seriesOverrides": [],
          "spaceLength": 10,
          "stack": false,
          "steppedLine": false,
          "targets": [
            {
              "alias": "$col",
              "groupBy": [
                {
                  "params": [
                    "$__interval"
                  ],
                  "type": "time"
                },
                {
                  "params": [
                    "null"
                  ],
                  "type": "fill"
                }
              ],
              "measurement": "Blue_env_sensor",
              "orderByTime": "ASC",
              "policy": "default",
              "refId": "A",
              "resultFormat": "time_series",
              "select": [
                [
                  {
                    "params": [
                      "humidity"
                    ],
                    "type": "field"
                  },
                  {
                    "params": [],
                    "type": "mean"
                  },
                  {
                    "params": [
                      "humidity"
                    ],
                    "type": "alias"
                  }
                ]
              ],
              "tags": [
                {
                  "key": "IoTHubDeviceConnectionID",
                  "operator": "=~",
                  "value": "/^$Device$/"
                }
              ]
            }
          ],
          "thresholds": [],
          "timeFrom": null,
          "timeRegions": [],
          "timeShift": null,
          "title": "Humidity",
          "tooltip": {
            "shared": true,
            "sort": 0,
            "value_type": "individual"
          },
          "type": "graph",
          "xaxis": {
            "buckets": null,
            "mode": "time",
            "name": null,
            "show": true,
            "values": []
          },
          "yaxes": [
            {
              "$$hashKey": "object:302",
              "decimals": null,
              "format": "percent",
              "label": null,
              "logBase": 1,
              "max": null,
              "min": null,
              "show": true
            },
            {
              "$$hashKey": "object:303",
              "format": "short",
              "label": null,
              "logBase": 1,
              "max": null,
              "min": null,
              "show": true
            }
          ],
          "yaxis": {
            "align": false,
            "alignLevel": null
          }
        },
        {
          "aliasColors": {},
          "bars": false,
          "dashLength": 10,
          "dashes": false,
          "datasource": null,
          "fill": 1,
          "fillGradient": 0,
          "gridPos": {
            "h": 6,
            "w": 8,
            "x": 8,
            "y": 6
          },
          "hiddenSeries": false,
          "id": 2,
          "legend": {
            "avg": false,
            "current": false,
            "max": false,
            "min": false,
            "show": true,
            "total": false,
            "values": false
          },
          "lines": true,
          "linewidth": 1,
          "nullPointMode": "connected",
          "options": {
            "dataLinks": []
          },
          "percentage": false,
          "pointradius": 2,
          "points": false,
          "renderer": "flot",
          "seriesOverrides": [],
          "spaceLength": 10,
          "stack": false,
          "steppedLine": false,
          "targets": [
            {
              "alias": "Temperature",
              "groupBy": [
                {
                  "params": [
                    "$__interval"
                  ],
                  "type": "time"
                },
                {
                  "params": [
                    "none"
                  ],
                  "type": "fill"
                }
              ],
              "measurement": "Blue_env_sensor",
              "orderByTime": "ASC",
              "policy": "default",
              "refId": "A",
              "resultFormat": "time_series",
              "select": [
                [
                  {
                    "params": [
                      "temperature"
                    ],
                    "type": "field"
                  },
                  {
                    "params": [],
                    "type": "mean"
                  }
                ]
              ],
              "tags": [
                {
                  "key": "IoTHubDeviceConnectionID",
                  "operator": "=~",
                  "value": "/^$Device$/"
                }
              ]
            }
          ],
          "thresholds": [],
          "timeFrom": null,
          "timeRegions": [],
          "timeShift": null,
          "title": "Temperature",
          "tooltip": {
            "shared": true,
            "sort": 0,
            "value_type": "individual"
          },
          "type": "graph",
          "xaxis": {
            "buckets": null,
            "mode": "time",
            "name": null,
            "show": true,
            "values": []
          },
          "yaxes": [
            {
              "$$hashKey": "object:302",
              "decimals": null,
              "format": "celsius",
              "label": null,
              "logBase": 1,
              "max": null,
              "min": null,
              "show": true
            },
            {
              "$$hashKey": "object:303",
              "format": "short",
              "label": null,
              "logBase": 1,
              "max": null,
              "min": null,
              "show": true
            }
          ],
          "yaxis": {
            "align": false,
            "alignLevel": null
          }
        },
        {
          "aliasColors": {},
          "bars": false,
          "dashLength": 10,
          "dashes": false,
          "datasource": null,
          "fill": 1,
          "fillGradient": 0,
          "gridPos": {
            "h": 6,
            "w": 8,
            "x": 16,
            "y": 6
          },
          "hiddenSeries": false,
          "id": 4,
          "legend": {
            "avg": false,
            "current": false,
            "max": false,
            "min": false,
            "show": true,
            "total": false,
            "values": false
          },
          "lines": true,
          "linewidth": 1,
          "nullPointMode": "connected",
          "options": {
            "dataLinks": []
          },
          "percentage": false,
          "pointradius": 2,
          "points": false,
          "renderer": "flot",
          "seriesOverrides": [],
          "spaceLength": 10,
          "stack": false,
          "steppedLine": false,
          "targets": [
            {
              "alias": "Pressure",
              "groupBy": [
                {
                  "params": [
                    "$__interval"
                  ],
                  "type": "time"
                },
                {
                  "params": [
                    "null"
                  ],
                  "type": "fill"
                }
              ],
              "measurement": "Blue_env_sensor",
              "orderByTime": "ASC",
              "policy": "default",
              "refId": "A",
              "resultFormat": "time_series",
              "select": [
                [
                  {
                    "params": [
                      "pressure"
                    ],
                    "type": "field"
                  },
                  {
                    "params": [],
                    "type": "mean"
                  }
                ]
              ],
              "tags": [
                {
                  "key": "IoTHubDeviceConnectionID",
                  "operator": "=~",
                  "value": "/^$Device$/"
                }
              ]
            }
          ],
          "thresholds": [],
          "timeFrom": null,
          "timeRegions": [],
          "timeShift": null,
          "title": "Pressure",
          "tooltip": {
            "shared": true,
            "sort": 0,
            "value_type": "individual"
          },
          "type": "graph",
          "xaxis": {
            "buckets": null,
            "mode": "time",
            "name": null,
            "show": true,
            "values": []
          },
          "yaxes": [
            {
              "$$hashKey": "object:302",
              "decimals": 3,
              "format": "pressurembar",
              "label": "",
              "logBase": 1,
              "max": null,
              "min": null,
              "show": true
            },
            {
              "$$hashKey": "object:303",
              "format": "short",
              "label": null,
              "logBase": 1,
              "max": null,
              "min": null,
              "show": true
            }
          ],
          "yaxis": {
            "align": false,
            "alignLevel": null
          }
        }
      ],
      "title": "Environment",
      "type": "row"
    }
  ],
  "refresh": "10s",
  "schemaVersion": 22,
  "style": "dark",
  "tags": [],
  "templating": {
    "list": [
      {
        "allValue": null,
        "current": {
          "tags": [],
          "text": "blue-raspberry-sensor-1",
          "value": "blue-raspberry-sensor-1"
        },
        "datasource": "TIG",
        "definition": "SHOW TAG VALUES ON \"telegraf\" FROM \"Blue_pi_sensors\" WITH KEY = \"IoTHubDeviceConnectionID\"",
        "hide": 0,
        "includeAll": false,
        "index": -1,
        "label": null,
        "multi": false,
        "name": "Device",
        "options": [
          {
            "$$hashKey": "object:482",
            "selected": true,
            "text": "blue-raspberry-sensor-1",
            "value": "blue-raspberry-sensor-1"
          }
        ],
        "query": "SHOW TAG VALUES ON \"telegraf\" FROM \"Blue_pi_sensors\" WITH KEY = \"IoTHubDeviceConnectionID\"",
        "refresh": 0,
        "regex": "",
        "skipUrlSync": false,
        "sort": 0,
        "tagValuesQuery": "",
        "tags": [],
        "tagsQuery": "",
        "type": "query",
        "useTags": false
      },
      {
        "allValue": null,
        "current": {
          "text": "humidity",
          "value": "humidity"
        },
        "datasource": "TIG",
        "definition": "show field keys on telegraf from Blue_env_sensor ",
        "hide": 0,
        "includeAll": true,
        "index": -1,
        "label": null,
        "multi": true,
        "name": "Environment",
        "options": [
          {
            "$$hashKey": "object:904",
            "selected": true,
            "text": "All",
            "value": "$__all"
          },
          {
            "$$hashKey": "object:905",
            "selected": false,
            "text": "humidity",
            "value": "humidity"
          },
          {
            "$$hashKey": "object:906",
            "selected": false,
            "text": "pressure",
            "value": "pressure"
          },
          {
            "$$hashKey": "object:907",
            "selected": false,
            "text": "temperature",
            "value": "temperature"
          }
        ],
        "query": "show field keys on telegraf from Blue_env_sensor ",
        "refresh": 0,
        "regex": "",
        "skipUrlSync": false,
        "sort": 0,
        "tagValuesQuery": "",
        "tags": [],
        "tagsQuery": "",
        "type": "query",
        "useTags": false
      }
    ]
  },
  "time": {
    "from": "now-6h",
    "to": "now"
  },
  "timepicker": {
    "refresh_intervals": [
      "1s",
      "5s",
      "10s",
      "30s",
      "1m",
      "5m",
      "15m",
      "30m",
      "1h",
      "2h",
      "1d"
    ]
  },
  "timezone": "",
  "title": "Blue PI Sensors",
  "uid": "YT3DzTqZz",
  "variables": {
    "list": []
  },
  "version": 26
}